asd,asd,2021-06-02,asd,500.00
asd,as,2021-06-02,a,500.00
asd,as,2021-06-02,a,500.00
asd,as,2021-06-02,a,500.00
asd,as,2021-06-02,a,500.00
asd,as,2021-06-02,a,500.00
asd,as,2021-06-02,a,500.00
asd,as,2021-06-02,a,500.00
asd,as,2021-06-02,a,500.00
asd,as,2021-06-02,a,500.00
asd,as,2021-06-02,a,500.00
asd,as,2021-06-02,a,500.00
asd,as,2021-06-02,a,500.00
asd,as,2021-06-02,a,500.00
asd,as,2021-06-02,a,500.00
asd,as,2021-06-02,a,500.00
asd,as,2021-06-02,a,500.00
asd,as,2021-06-02,a,500.00
asd,as,2021-06-02,a,500.00
asd,as,2021-06-02,a,500.00
asd,as,2021-06-02,a,500.00
asd,as,2021-06-02,a,500.00
asd,as,2021-06-02,a,500.00
asd,as,2021-06-02,a,500.00
asd,as,2021-06-02,a,500.00
asd,as,2021-06-02,a,500.00
asd,as,2021-06-02,a,500.00
asd,as,2021-06-02,a,500.00
asd,as,2021-06-02,a,500.00
asd,as,2021-06-02,a,500.00
asd,as,2021-06-02,a,500.00
asd,as,2021-06-02,a,500.00
asd,as,2021-06-02,a,500.00
asd,as,2021-06-02,a,500.00
asd,as,2021-06-02,a,500.00
asd,as,2021-06-02,a,500.00
asd,as,2021-06-02,a,500.00
asd,as,2021-06-02,a,500.00
asd,as,2021-06-02,a,500.00
asd,as,2021-06-02,a,500.00
asd,as,2021-06-02,a,500.00
asd,as,2021-06-02,a,500.00
asd,as,2021-06-02,a,500.00
asd,as,2021-06-02,a,500.00
asd,as,2021-06-02,a,500.00
asd,as,2021-06-02,a,500.00
asd,as,2021-06-02,a,500.00
asd,as,2021-06-02,a,500.00
asd,as,2021-06-02,a,500.00
asd,as,2021-06-02,a,500.00
asd,as,2021-06-02,a,500.00
asd,as,2021-06-02,a,500.00
asd,as,2021-06-02,a,500.00
asd,as,2021-06-02,a,500.00
asd,as,2021-06-02,a,500.00
asd,as,2021-06-02,a,500.00
asd,as,2021-06-02,a,500.00
asd,as,2021-06-02,a,500.00
asd,as,2021-06-02,a,500.00
asd,as,2021-06-02,a,500.00
asd,as,2021-06-02,a,500.00
asd,as,2021-06-02,a,500.00
asd,as,2021-06-02,a,500.00
asd,as,2021-06-02,a,500.00
asd,as,2021-06-02,a,500.00
asd,as,2021-06-02,a,500.00
asd,as,2021-06-02,a,500.00
asd,as,2021-06-02,a,500.00
asd,as,2021-06-02,a,500.00
asd,as,2021-06-02,a,500.00
asd,as,2021-06-02,a,500.00
asd,asd,2021-06-02,asd,200.00
